id,dac2,dac2.Name,dac3,dac.Name,dac5,dac5.voluntary.code,description,Clarifications
5,11,EDUCATION,110,EDUCATION,11000,FALSE,EDUCATION,
6,11,EDUCATION,111,"Education, level unspecified",11100,FALSE,"Education, level unspecified",The codes in this category are to be used only when level of education is unspecified or unknown (e.g. training of primary school teachers should be coded under 11220).
7,11,EDUCATION,111,"Education, level unspecified",11110,FALSE,Education policy and administrative management,"Education sector policy, planning and programmes; aid to education ministries, administration and management systems; institution capacity building and advice; school management and governance; curriculum and materials development; unspecified education activities."
8,11,EDUCATION,111,"Education, level unspecified",11120,FALSE,Education facilities and training,"Educational buildings, equipment, materials; subsidiary services to education (boarding facilities, staff housing); language training; colloquia, seminars, lectures, etc."
9,11,EDUCATION,111,"Education, level unspecified",11130,FALSE,Teacher training,Teacher education (where the level of education is unspecified); in-service and pre-service training; materials development.
10,11,EDUCATION,111,"Education, level unspecified",11182,FALSE,Educational research,"Research and studies on education effectiveness, relevance and quality; systematic evaluation and monitoring."
11,11,EDUCATION,112,Basic education,11200,FALSE,Basic education,
12,11,EDUCATION,112,Basic education,11220,FALSE,Primary education,Formal and non-formal primary education for children; all elementary and first cycle systematic instruction; provision of learning materials.
13,11,EDUCATION,112,Basic education,11230,FALSE,Basic life skills for youth and adults,Formal and non-formal education for basic life skills for young people and adults (adults education); literacy and numeracy training.
14,11,EDUCATION,112,Basic education,11231,TRUE,Basic life skills for youth,Formal and non-formal education for basic life skills for young people.
15,11,EDUCATION,112,Basic education,11232,TRUE,Primary education equivalent for adults,Formal primary education for adults.
16,11,EDUCATION,112,Basic education,11240,FALSE,Early childhood education,Formal and non-formal pre-school education.
17,11,EDUCATION,113,Secondary education,11300,FALSE,Secondary education,
18,11,EDUCATION,113,Secondary education,11320,FALSE,Secondary education,Second cycle systematic instruction at both junior and senior levels.
19,11,EDUCATION,113,Secondary education,11321,TRUE,Lower secondary education,Second cycle systematic instruction at junior level.
20,11,EDUCATION,113,Secondary education,11322,TRUE,Upper secondary education,Second cycle systematic instruction at senior level.
21,11,EDUCATION,113,Secondary education,11330,FALSE,Vocational training,Elementary vocational training and secondary level technical education; on-the job training; apprenticeships; including informal vocational training.
22,11,EDUCATION,114,Post-secondary education,11400,FALSE,Post-secondary education,
23,11,EDUCATION,114,Post-secondary education,11420,FALSE,Higher education,"Degree and diploma programmes at universities, colleges and polytechnics; scholarships."
24,11,EDUCATION,114,Post-secondary education,11430,FALSE,Advanced technical and managerial training,Professional-level vocational training programmes and in-service training.
27,12,HEALTH,120,HEALTH,12000,FALSE,HEALTH,
28,12,HEALTH,121,"Health, general",12100,FALSE,"Health, general",
29,12,HEALTH,121,"Health, general",12110,FALSE,Health policy and administrative management,"Health sector policy, planning and programmes; aid to health ministries, public health administration; institution capacity building and advice; medical insurance programmes; unspecified health activities."
30,12,HEALTH,121,"Health, general",12181,FALSE,Medical education/training,Medical education and training for tertiary level services.
31,12,HEALTH,121,"Health, general",12182,FALSE,Medical research,General medical research (excluding basic health research).
32,12,HEALTH,121,"Health, general",12191,FALSE,Medical services,"Laboratories, specialised clinics and hospitals (including equipment and supplies); ambulances; dental services; mental health care; medical rehabilitation; control of non-infectious diseases; drug and substance abuse control [excluding narcotics traffic control (16063)]."
33,12,HEALTH,122,Basic health,12200,FALSE,Basic health,
34,12,HEALTH,122,Basic health,12220,FALSE,Basic health care,"Basic and primary health care programmes; paramedical and nursing care programmes; supply of drugs, medicines and vaccines related to basic health care."
35,12,HEALTH,122,Basic health,12230,FALSE,Basic health infrastructure,"District-level hospitals, clinics and dispensaries and related medical equipment; excluding specialised hospitals and clinics (12191)."
36,12,HEALTH,122,Basic health,12240,FALSE,Basic nutrition,"Direct feeding programmes (maternal feeding, breastfeeding and weaning foods, child feeding, school feeding); determination of micro-nutrient deficiencies; provision of vitamin A, iodine, iron etc.; monitoring of nutritional status; nutrition and food hygiene education; household food security."
37,12,HEALTH,122,Basic health,12250,FALSE,Infectious disease control,"Immunisation; prevention and control of infectious and parasite diseases, except malaria (12262), tuberculosis (12263), HIV/AIDS and other STDs (13040). It includes diarrheal diseases, vector-borne diseases (e.g. river blindness and guinea worm), viral diseases, mycosis, helminthiasis, zoonosis, diseases by other bacteria and viruses, pediculosis, etc."
38,12,HEALTH,122,Basic health,12261,FALSE,Health education,"Information, education and training of the population for improving health knowledge and practices; public health and awareness campaigns; promotion of improved personal hygiene practices, including use of sanitation facilities and handwashing with soap."
39,12,HEALTH,122,Basic health,12262,FALSE,Malaria control,Prevention and control of malaria.
40,12,HEALTH,122,Basic health,12263,FALSE,Tuberculosis control,"Immunisation, prevention and control of tuberculosis."
41,12,HEALTH,122,Basic health,12281,FALSE,Health personnel development,Training of health staff for basic health care services.
42,13,POPULATION POLICIES/ PROGRAMMES AND REPRODUCTIVE HEALTH,130,POPULATION POLICIES/ PROGRAMMES AND REPRODUCTIVE HEALTH,13000,FALSE,POPULATION POLICIES/ PROGRAMMES AND REPRODUCTIVE HEALTH,
43,13,POPULATION POLICIES/ PROGRAMMES AND REPRODUCTIVE HEALTH,130,POPULATION POLICIES/ PROGRAMMES AND REPRODUCTIVE HEALTH,13010,FALSE,Population policy and administrative management,"Population/development policies; census work, vital registration; migration data; demographic research/analysis; reproductive health research; unspecified population activities."
44,13,POPULATION POLICIES/ PROGRAMMES AND REPRODUCTIVE HEALTH,130,POPULATION POLICIES/ PROGRAMMES AND REPRODUCTIVE HEALTH,13020,FALSE,Reproductive health care,Promotion of reproductive health; prenatal and postnatal care including delivery; prevention and treatment of infertility; prevention and management of consequences of abortion; safe motherhood activities.
45,13,POPULATION POLICIES/ PROGRAMMES AND REPRODUCTIVE HEALTH,130,POPULATION POLICIES/ PROGRAMMES AND REPRODUCTIVE HEALTH,13030,FALSE,Family planning,"Family planning services including counselling; information, education and communication (IEC) activities; delivery of contraceptives; capacity building and training."
46,13,POPULATION POLICIES/ PROGRAMMES AND REPRODUCTIVE HEALTH,130,POPULATION POLICIES/ PROGRAMMES AND REPRODUCTIVE HEALTH,13040,FALSE,STD control including HIV/AIDS,"All activities related to sexually transmitted diseases and HIV/AIDS control e.g. information, education and communication; testing; prevention; treatment, care."
47,13,POPULATION POLICIES/ PROGRAMMES AND REPRODUCTIVE HEALTH,130,POPULATION POLICIES/ PROGRAMMES AND REPRODUCTIVE HEALTH,13081,FALSE,Personnel development for population and reproductive health,Education and training of health staff for population and reproductive health care services.
50,14,WATER AND SANITATION,140,WATER AND SANITATION,14000,FALSE,WATER AND SANITATION,
51,14,WATER AND SANITATION,140,WATER AND SANITATION,14010,FALSE,Water sector policy and administrative management,"Water sector policy and governance, including legislation, regulation, planning and management as well as transboundary management of water; institutional capacity development; activities supporting the Integrated Water Resource Management approach (IWRM: see box below)."
52,14,WATER AND SANITATION,140,WATER AND SANITATION,14015,FALSE,Water resources conservation (including data collection),"Collection and usage of quantitative and qualitative data on water resources; creation and sharing of water knowledge; conservation and rehabilitation of inland surface waters (rivers, lakes etc.), ground water and coastal waters; prevention of water contamination."
53,14,WATER AND SANITATION,140,WATER AND SANITATION,14020,FALSE,Water supply and sanitation - large systems,"Programmes where components according to 14021 and 14022 cannot be identified. When components are known, they should individually be reported under their respective purpose codes: water supply (14021), sanitation (14022), and hygiene (12261)."
54,14,WATER AND SANITATION,140,WATER AND SANITATION,14021,FALSE,Water supply - large systems,Potable water treatment plants; intake works; storage; water supply pumping stations; large scale transmission / conveyance and distribution systems.
55,14,WATER AND SANITATION,140,WATER AND SANITATION,14022,FALSE,Sanitation - large systems,Large scale sewerage including trunk sewers and sewage pumping stations; domestic and industrial waste water treatment plants.
56,14,WATER AND SANITATION,140,WATER AND SANITATION,14030,FALSE,Basic drinking water supply and basic sanitation,"Programmes where components according to 14031 and 14032 cannot be identified. When components are known, they should individually be reported under their respective purpose codes: water supply (14031), sanitation (14032), and hygiene (12261)."
57,14,WATER AND SANITATION,140,WATER AND SANITATION,14031,FALSE,Basic drinking water supply,"Rural water supply schemes using handpumps, spring catchments, gravity-fed systems, rainwater collection and fog harvesting, storage tanks, small distribution systems typically with shared connections/points of use. Urban schemes using handpumps and local neighbourhood networks including those with shared connections."
58,14,WATER AND SANITATION,140,WATER AND SANITATION,14032,FALSE,Basic sanitation,"Latrines, on-site disposal and alternative sanitation systems, including the promotion of household and community investments in the construction of these facilities. (Use code 12261 for activities promoting improved personal hygiene practices.)"
59,14,WATER AND SANITATION,140,WATER AND SANITATION,14040,FALSE,River basins’ development,Infrastructure-focused integrated river basin projects and related institutional activities; river flow control; dams and reservoirs [excluding dams primarily for irrigation (31140) and hydropower (23065) and activities related to river transport (21040)].
60,14,WATER AND SANITATION,140,WATER AND SANITATION,14050,FALSE,Waste management / disposal,"Municipal and industrial solid waste management, including hazardous and toxic waste; collection, disposal and treatment; landfill areas; composting and reuse."
61,14,WATER AND SANITATION,140,WATER AND SANITATION,14081,FALSE,Education and training in water supply and sanitation,Education and training for sector professionals and service providers.
64,15,GOV. AND CIVIL SOC.,150,GOVERNMENT AND CIVIL SOCIETY,15000,FALSE,GOVERNMENT AND CIVIL SOCIETY,Includes assistance to strengthen the administrative apparatus and government.
65,15,GOV. AND CIVIL SOC.,151,"Government and civil society, general",15100,FALSE,"Government and civil society, general",N.B. Use code 51010 for general budget support.
66,15,GOV. AND CIVIL SOC.,151,"Government and civil society, general",15110,FALSE,Public sector policy and administrative management,"Institution-building assistance to strengthen core public sector management systems and capacities. This includes macro-economic and other policy management, co-ordination, planning and reform; human resource management; organisational development; civil service reform; e-government; development planning, monitoring and evaluation; support to ministries involved in aid co-ordination; other ministries and government departments when sector cannot be specified. (Use specific sector codes for development of systems and capacities in sector ministries.)"
67,15,GOV. AND CIVIL SOC.,151,"Government and civil society, general",15121,TRUE,Foreign affairs,Administration of external affairs and services.
68,15,GOV. AND CIVIL SOC.,151,"Government and civil society, general",15122,TRUE,Diplomatic missions,Operation of diplomatic and consular missions stationed abroad or at offices of international organisations.
69,15,GOV. AND CIVIL SOC.,151,"Government and civil society, general",15123,TRUE,Administration of developing countries' foreign aid,Support to administration of developing countries' foreign aid (including triangular and south-south cooperation).
70,15,GOV. AND CIVIL SOC.,151,"Government and civil society, general",15124,TRUE,General personnel services,"Administration and operation of the civil service including policies, procedures and regulations."
71,15,GOV. AND CIVIL SOC.,151,"Government and civil society, general",15125,TRUE,Central procurement,Administration and operation of centralised supply and purchasing services.
72,15,GOV. AND CIVIL SOC.,151,"Government and civil society, general",15126,TRUE,Other general public services,"Maintenance and storage of government records and archives, operation of government-owned or occupied buildings, central motor vehicle pools, government-operated printing offices, centralised computer and data processing services, etc."
73,15,GOV. AND CIVIL SOC.,151,"Government and civil society, general",15127,TRUE,National monitoring and evaluation,Operation or support of institutions providing national monitoring and evaluation.
74,15,GOV. AND CIVIL SOC.,151,"Government and civil society, general",15142,TRUE,Macroeconomic policy,Macroeconomic policy development and implementation.
75,15,GOV. AND CIVIL SOC.,151,"Government and civil society, general",15143,TRUE,Meteorological services,Operation or support of institutions dealing with weather forecasting.
76,15,GOV. AND CIVIL SOC.,151,"Government and civil society, general",15144,TRUE,National standards development,Operation or support of institutions dealing with national standards development. (Use code 16062 for statistical capacity-building.)
77,15,GOV. AND CIVIL SOC.,151,"Government and civil society, general",15154,TRUE,Executive office,"Administration, operation or support of executive office. Includes office of the chief executive at all levels of government (monarch, governor-general, president, prime minister, governor, mayor, etc.)."
78,15,GOV. AND CIVIL SOC.,151,"Government and civil society, general",15111,FALSE,Public Finance Management (PFM),"Fiscal policy and planning; support to ministries of finance; strengthening financial and managerial accountability; public expenditure management; improving financial management systems; budget drafting; inter-governmental fiscal relations, public audit, public debt. (Use code 15114 for domestic revenue mobilisation and code 33120 for customs)."
79,15,GOV. AND CIVIL SOC.,151,"Government and civil society, general",15117,TRUE,Budget planning,Operation of the budget office and planning as part of the budget process.
80,15,GOV. AND CIVIL SOC.,151,"Government and civil society, general",15118,TRUE,National audit,Operation of the accounting and audit services.
81,15,GOV. AND CIVIL SOC.,151,"Government and civil society, general",15119,TRUE,Debt and aid management,"Management of public debt and foreign aid received (in the partner country). For reporting on debt reorganisation, use codes 600xx."
82,15,GOV. AND CIVIL SOC.,151,"Government and civil society, general",15112,FALSE,Decentralisation and support to subnational government,"Decentralisation processes (including political, administrative and fiscal dimensions); intergovernmental relations and federalism; strengthening departments of regional and local government, regional and local authorities and their national associations. (Use specific sector codes for decentralisation of sector management and services.)"
83,15,GOV. AND CIVIL SOC.,151,"Government and civil society, general",15128,TRUE,Local government finance,Financial transfers to local government; support to institutions managing such transfers. (Use specific sector codes for sector-related transfers.)
84,15,GOV. AND CIVIL SOC.,151,"Government and civil society, general",15129,TRUE,Other central transfers to institutions,Transfers to non sector-specific autonomous bodies or state-owned enterprises outside of local government finance; support to institutions managing such transfers. (Use specific sector codes for sector-related transfers.)
85,15,GOV. AND CIVIL SOC.,151,"Government and civil society, general",15185,TRUE,Local government administration,"Decentralisation processes (including political, administrative and fiscal dimensions); intergovernmental relations and federalism; strengthening local authorities."
86,15,GOV. AND CIVIL SOC.,151,"Government and civil society, general",15113,FALSE,Anti-corruption organisations and institutions,"Specialised organisations, institutions and frameworks for the prevention of and combat against corruption, bribery, money- laundering and other aspects of organised crime, with or without law enforcement powers, e.g. anti-corruption commissions and monitoring bodies, special investigation services, institutions and initiatives of integrity and ethics oversight, specialised NGOs, other civil society and citizens’ organisations directly concerned with corruption."
87,15,GOV. AND CIVIL SOC.,151,"Government and civil society, general",15114,FALSE,Domestic Revenue Mobilisation,"Support to domestic revenue mobilisation/tax policy, analysis and administration as well as non-tax public revenue, which includes work with ministries of finance, line ministries, revenue authorities or other local, regional or national public bodies. (Use code 16010 for social security and other social protection.)"
88,15,GOV. AND CIVIL SOC.,151,"Government and civil society, general",15116,TRUE,Tax collection,Operation of the inland revenue authority.
89,15,GOV. AND CIVIL SOC.,151,"Government and civil society, general",15155,TRUE,Tax policy and administration support,
90,15,GOV. AND CIVIL SOC.,151,"Government and civil society, general",15156,TRUE,Other non-tax revenue mobilisation,"Non-tax public revenue, which includes line ministries, revenue authorities or other local, regional or national public bodies. "
93,15,GOV. AND CIVIL SOC.,151,"Government and civil society, general",15130,FALSE,Legal and judicial development,"Support to institutions, systems and procedures of the justice sector, both formal and informal; support to ministries of justice, the interior and home affairs; judges and courts; legal drafting services; bar and lawyers associations; professional legal education; maintenance of law and order and public safety; border management; law enforcement agencies, police, prisons and their supervision; ombudsmen; alternative dispute resolution, arbitration and mediation; legal aid and counsel; traditional, indigenous and paralegal practices that fall outside the formal legal system. Measures that support the improvement of legal frameworks, constitutions, laws and regulations; legislative and constitutional drafting and review; legal reform; integration of formal and informal systems of law. Public legal education; dissemination of information on entitlements and remedies for injustice; awareness campaigns. (Use codes 152xx for activities that are primarily aimed at supporting security system reform or undertaken in connection with post-conflict and peace building activities.)"
94,15,GOV. AND CIVIL SOC.,151,"Government and civil society, general",15131,TRUE,"Justice, law and order policy, planning and administration",Judicial law and order sectors; policy development within ministries of justice or equivalents.
95,15,GOV. AND CIVIL SOC.,151,"Government and civil society, general",15132,TRUE,Police,Police affairs and services.
96,15,GOV. AND CIVIL SOC.,151,"Government and civil society, general",15133,TRUE,Fire and rescue services,Fire-prevention and fire-fighting affairs and services.
97,15,GOV. AND CIVIL SOC.,151,"Government and civil society, general",15134,TRUE,Judicial affairs,"Civil and criminal law courts and the judicial system, including enforcement of fines and legal settlements imposed by the courts and operation of parole and probation systems."
98,15,GOV. AND CIVIL SOC.,151,"Government and civil society, general",15135,TRUE,Ombudsman,Independent service representing the interests of the public by investigating and addressing complaints of unfair treatment or maladministration.
99,15,GOV. AND CIVIL SOC.,151,"Government and civil society, general",15136,TRUE,Immigration,"Immigration affairs and services, including alien registration, issuing work and travel documents to immigrants."
100,15,GOV. AND CIVIL SOC.,151,"Government and civil society, general",15137,TRUE,Prisons,
101,15,GOV. AND CIVIL SOC.,151,"Government and civil society, general",15150,FALSE,Democratic participation and civil society,"Support to the exercise of democracy and diverse forms of participation of citizens beyond elections (15151); direct democracy instruments such as referenda and citizens’ initiatives; support to organisations to represent and advocate for their members, to monitor, engage and hold governments to account, and to help citizens learn to act in the public sphere; curricula and teaching for civic education at various levels. (This purpose code is restricted to activities targeting governance issues. When assistance to civil society is for non-governance purposes use other appropriate purpose codes.)"
102,15,GOV. AND CIVIL SOC.,151,"Government and civil society, general",15151,FALSE,Elections,"Electoral management bodies and processes, election observation, voters' education. (Use code 15230 when in the context of an international peacekeeping operation)."
103,15,GOV. AND CIVIL SOC.,151,"Government and civil society, general",15152,FALSE,Legislatures and political parties,"Assistance to strengthen key functions of legislatures/ parliaments including subnational assemblies and councils (representation; oversight; legislation), such as improving the capacity of legislative bodies, improving legislatures’ committees and administrative procedures,; research and information management systems; providing training programmes for legislators and support personnel. Assistance to political parties and strengthening of party systems."
104,15,GOV. AND CIVIL SOC.,151,"Government and civil society, general",15153,FALSE,Media and free flow of information,"Activities that support free and uncensored flow of information on public issues; activities that increase the editorial and technical skills and the integrity of the print and broadcast media, e.g. training of journalists. (Use codes 22010-22040 for provision of equipment and capital assistance to media.)"
105,15,GOV. AND CIVIL SOC.,151,"Government and civil society, general",15160,FALSE,Human rights,"Measures to support specialised official human rights institutions and mechanisms at universal, regional, national and local levels in their statutory roles to promote and protect civil and political, economic, social and cultural rights as defined in international conventions and covenants; translation of international human rights commitments into national legislation; reporting and follow-up; human rights dialogue.
Human rights defenders and human rights NGOs; human rights advocacy, activism, mobilisation; awareness raising and public human rights education.
Human rights programming targeting specific groups, e.g. children, persons with disabilities, migrants, ethnic, religious, linguistic and sexual minorities, indigenous people and those suffering from caste discrimination, victims of trafficking, victims of torture.
(Use code 15230 when in the context of a peacekeeping operation.)
(As from 2017 reporting on 2016 flows, use code 15180 for ending violence against women and girls.)"
106,15,GOV. AND CIVIL SOC.,151,"Government and civil society, general",15170,FALSE,Women’s equality organisations and institutions,Support for institutions and organisations (governmental and non-governmental) working for gender equality and women’s empowerment.
107,15,GOV. AND CIVIL SOC.,151,"Government and civil society, general",15180,FALSE,Ending violence against women and girls ,"Support to programmes designed to prevent and eliminate all forms of violence against women and girls/gender-based violence. This encompasses a broad range of forms of physical, sexual and psychological violence including but not limited to: intimate partner violence (domestic violence); sexual violence; female genital mutilation/cutting (FGM/C); child, early and forced marriage; acid throwing; honour killings; and trafficking of women and girls.
Prevention activities may include efforts to empower women and girls; change attitudes, norms and behaviour; adopt and enact legal reforms; and strengthen implementation of laws and policies on ending violence against women and girls, including through strengthening institutional capacity.
Interventions to respond to violence against women and girls/gender-based violence may include expanding access to services including legal assistance, psychosocial counselling and health care; training personnel to respond more effectively to the needs of survivors; and ensuring investigation, prosecution and punishment of perpetrators of violence. 
"
110,15,GOV. AND CIVIL SOC.,152,"Conflict prevention and resolution, peace and security",15200,FALSE,"Conflict prevention and resolution, peace and security","N.B. Further notes on ODA eligibility (and exclusions) of conflict, peace and security related activities are given in paragraphs 76-81 of the Directives."
111,15,GOV. AND CIVIL SOC.,152,"Conflict prevention and resolution, peace and security",15210,FALSE,Security system management and reform,"Technical co-operation provided to parliament, government ministries, law enforcement agencies and the judiciary to assist review and reform of the security system to improve democratic governance and civilian control; technical co-operation provided to government to improve civilian oversight and democratic control of budgeting, management, accountability and auditing of security expenditure, including military budgets, as part of a public expenditure management programme; assistance to civil society to enhance its competence and capacity to scrutinise the security system so that it is managed in accordance with democratic norms and principles of accountability, transparency and good governance. [Other than in the context of an international peacekeeping operation (15230).]"
112,15,GOV. AND CIVIL SOC.,152,"Conflict prevention and resolution, peace and security",15220,FALSE,"Civilian peace-building, conflict prevention and resolution","Support for civilian activities related to peace building, conflict prevention and resolution, including capacity building, monitoring, dialogue and information exchange. Bilateral participation in international civilian peace missions such as those conducted by the UN Department of Political Affairs (UNDPA) or the European Union (European Security and Defence Policy), and contributions to civilian peace funds or commissions (e.g. Peacebuilding Commission, Peacebuilding thematic window of the MDG achievement fund etc.). The contributions can take the form of financing or provision of equipment or civilian or military personnel (e.g. for training civilians). (Use code 15230 for bilateral participation in international peacekeeping operations)."
113,15,GOV. AND CIVIL SOC.,152,"Conflict prevention and resolution, peace and security",15230,FALSE,Participation in international peacekeeping operations,"Bilateral participation in peacekeeping operations mandated or authorised by the United Nations (UN) through Security Council resolutions, and conducted by international organisations, e.g. UN, NATO, the European Union (Security and Defence Policy security-related operations), or regional groupings of developing countries.
Direct contributions to the UN Department for Peacekeeping Operations (UNDPKO) budget are excluded from bilateral ODA (they are reportable in part as multilateral ODA, see Annex 9).
The activities that can be reported as bilateral ODA under this code are limited to: human rights and election monitoring; reintegration of demobilised soldiers; rehabilitation of basic national infrastructure; monitoring or retraining of civil administrators and police forces; security sector reform and other rule of law-related activities; training in customs and border control procedures; advice or training in fiscal or macroeconomic stabilisation policy; repatriation and demobilisation of armed factions, and disposal of their weapons; explosive mine removal. The enforcement aspects of international peacekeeping operations are not reportable as ODA. ODA-eligible bilateral participation in peacekeeping operations can take the form of financing or provision of equipment or military or civilian personnel (e.g. police officers). The reportable cost is calculated as the excess over what the personnel and equipment would have cost to maintain had they not been assigned to take part in a peace operation. Costs for military contingents participating in UNDPKO peacekeeping operations are not reportable as ODA. International peacekeeping operations may include humanitarian-type activities (contributions to the form of equipment or personnel), as described in codes 7xxxx. These should be included under code 15230 if they are an integrated part of the activities above, otherwise they should be reported as humanitarian aid.NB: When using this code, indicate the name of the operation in the short description of the activity reported."
114,15,GOV. AND CIVIL SOC.,152,"Conflict prevention and resolution, peace and security",15240,FALSE,Reintegration and SALW control,"Reintegration of demobilised military personnel into the economy; conversion of production facilities from military to civilian outputs; technical co-operation to control, prevent and/or reduce the proliferation of small arms and light weapons (SALW) – see para. 80 of the Directives for definition of SALW activities covered. [Other than in the context of an international peacekeeping operation (15230) or child soldiers (15261)]."
115,15,GOV. AND CIVIL SOC.,152,"Conflict prevention and resolution, peace and security",15250,FALSE,Removal of land mines and explosive remnants of war,"All activities related to land mines and explosive remnants of war which have benefits to developing countries as their main objective, including removal of land mines and explosive remnants of war, and stockpile destruction for developmental purposes [other than in the context of an international peacekeeping operation (15230)]; risk education and awareness raising; rehabilitation, reintegration and assistance to victims, and research and development on demining and clearance. Only activities for civilian purposes are ODA-eligible."
116,15,GOV. AND CIVIL SOC.,152,"Conflict prevention and resolution, peace and security",15261,FALSE,Child soldiers (Prevention and demobilisation),"Technical co-operation provided to government – and assistance to civil society organisations – to support and apply legislation designed to prevent the recruitment of child soldiers, and to demobilise, disarm, reintegrate, repatriate and resettle (DDR) child soldiers."
119,16,OTHER SOCIAL INFRASTRUCTURE AND SERVICES,160,OTHER SOCIAL INFRASTRUCTURE AND SERVICES,16000,FALSE,OTHER SOCIAL INFRASTRUCTURE AND SERVICES,
120,16,OTHER SOCIAL INFRASTRUCTURE AND SERVICES,160,OTHER SOCIAL INFRASTRUCTURE AND SERVICES,16010,FALSE,Social/ welfare services,"Social legislation and administration; institution capacity building and advice; social security and other social schemes; special programmes for the elderly, orphans, the disabled, street children; social dimensions of structural adjustment; unspecified social infrastructure and services, including consumer protection."
121,16,OTHER SOCIAL INFRASTRUCTURE AND SERVICES,160,OTHER SOCIAL INFRASTRUCTURE AND SERVICES,16011,TRUE,"Social protection and welfare services policy, planning and administration","Administration of overall social protection policies, plans, programmes and budgets including legislation, standards and statistics on social protection."
122,16,OTHER SOCIAL INFRASTRUCTURE AND SERVICES,160,OTHER SOCIAL INFRASTRUCTURE AND SERVICES,16012,TRUE,Social security (excl pensions),Social protection shemes in the form of cash or in-kind benefits to people unable to work due to sickness or injury.
123,16,OTHER SOCIAL INFRASTRUCTURE AND SERVICES,160,OTHER SOCIAL INFRASTRUCTURE AND SERVICES,16013,TRUE,General pensions,"Social protection schemes in the form of cash or in-kind benefits, including pensions, against the risks linked to old age."
124,16,OTHER SOCIAL INFRASTRUCTURE AND SERVICES,160,OTHER SOCIAL INFRASTRUCTURE AND SERVICES,16014,TRUE,Civil service pensions,Pension schemes for government personnel.
125,16,OTHER SOCIAL INFRASTRUCTURE AND SERVICES,160,OTHER SOCIAL INFRASTRUCTURE AND SERVICES,16015,TRUE,Social services (incl youth development and women+ children),"Social protection schemes in the form of cash or in-kind benefits to households with dependent children, including parental leave benefits."
126,16,OTHER SOCIAL INFRASTRUCTURE AND SERVICES,160,OTHER SOCIAL INFRASTRUCTURE AND SERVICES,16020,FALSE,Employment policy and administrative management,Employment policy and planning; labour law; labour unions; institution capacity building and advice; support programmes for unemployed; employment creation and income generation programmes; occupational safety and health; combating child labour.
127,16,OTHER SOCIAL INFRASTRUCTURE AND SERVICES,160,OTHER SOCIAL INFRASTRUCTURE AND SERVICES,16030,FALSE,Housing policy and administrative management,"Housing sector policy, planning and programmes; excluding low-cost housing and slum clearance (16040)."
128,16,OTHER SOCIAL INFRASTRUCTURE AND SERVICES,160,OTHER SOCIAL INFRASTRUCTURE AND SERVICES,16040,FALSE,Low-cost housing,Including slum clearance.
129,16,OTHER SOCIAL INFRASTRUCTURE AND SERVICES,160,OTHER SOCIAL INFRASTRUCTURE AND SERVICES,16050,FALSE,Multisector aid for basic social services,"Basic social services are defined to include basic education, basic health, basic nutrition, population/reproductive health and basic drinking water supply and basic sanitation."
130,16,OTHER SOCIAL INFRASTRUCTURE AND SERVICES,160,OTHER SOCIAL INFRASTRUCTURE AND SERVICES,16061,FALSE,Culture and recreation,Including libraries and museums.
131,16,OTHER SOCIAL INFRASTRUCTURE AND SERVICES,160,OTHER SOCIAL INFRASTRUCTURE AND SERVICES,16065,TRUE,Recreation and sport,
132,16,OTHER SOCIAL INFRASTRUCTURE AND SERVICES,160,OTHER SOCIAL INFRASTRUCTURE AND SERVICES,16066,TRUE,Culture,
133,16,OTHER SOCIAL INFRASTRUCTURE AND SERVICES,160,OTHER SOCIAL INFRASTRUCTURE AND SERVICES,16062,FALSE,Statistical capacity building,Both in national statistical offices and any other government ministries.
134,16,OTHER SOCIAL INFRASTRUCTURE AND SERVICES,160,OTHER SOCIAL INFRASTRUCTURE AND SERVICES,16063,FALSE,Narcotics control,In-country and customs controls including training of the police; educational programmes and awareness campaigns to restrict narcotics traffic and in-country distribution 1.
135,16,OTHER SOCIAL INFRASTRUCTURE AND SERVICES,160,OTHER SOCIAL INFRASTRUCTURE AND SERVICES,16064,FALSE,Social mitigation of HIV/AIDS,"Special programmes to address the consequences of HIV/AIDS, e.g. social, legal and economic assistance to people living with HIV/AIDS including food security and employment; support to vulnerable groups and children orphaned by HIV/AIDS; human rights of HIV/AIDS affected people."
138,21,TRANSPORT AND STORAGE,210,TRANSPORT AND STORAGE,21000,FALSE,TRANSPORT AND STORAGE,Note: Manufacturing of transport equipment should be included under code 32172.
139,21,TRANSPORT AND STORAGE,210,TRANSPORT AND STORAGE,21010,FALSE,Transport policy and administrative management,"Transport sector policy, planning and programmes; aid to transport ministries; institution capacity building and advice; unspecified transport; activities that combine road, rail, water and/or air transport. Whenever possible, report transport of goods under the sector of the good being transported."
140,21,TRANSPORT AND STORAGE,210,TRANSPORT AND STORAGE,21011,TRUE,"Transport policy, planning and administration",Administration of affairs and services concerning transport systems.
141,21,TRANSPORT AND STORAGE,210,TRANSPORT AND STORAGE,21012,TRUE,Public transport services,Administration of affairs and services concerning public transport.
142,21,TRANSPORT AND STORAGE,210,TRANSPORT AND STORAGE,21013,TRUE,Transport regulation,"Supervision and regulation of users, operations, construction and maintenance of transport systems (registration, licensing, inspection of equipment, operator skills and training; safety standards, franchises, tarriffs, levels of service, etc.)."
143,21,TRANSPORT AND STORAGE,210,TRANSPORT AND STORAGE,21020,FALSE,Road transport,"Road infrastructure, road vehicles; passenger road transport, motor passenger cars."
144,21,TRANSPORT AND STORAGE,210,TRANSPORT AND STORAGE,21021,TRUE,Feeder road construction,Construction or operation of feeder road transport systems and facilities.
145,21,TRANSPORT AND STORAGE,210,TRANSPORT AND STORAGE,21022,TRUE,Feeder road maintenance,Maintenance of feeder road transport systems and facilities.
146,21,TRANSPORT AND STORAGE,210,TRANSPORT AND STORAGE,21023,TRUE,National road construction,Construction or operation of national road transport systems and facilities.
147,21,TRANSPORT AND STORAGE,210,TRANSPORT AND STORAGE,21024,TRUE,National road maintenance,Maintenance of national road transport systems and facilities.
148,21,TRANSPORT AND STORAGE,210,TRANSPORT AND STORAGE,21030,FALSE,Rail transport,"Rail infrastructure, rail equipment, locomotives, other rolling stock; including light rail (tram) and underground systems."
149,21,TRANSPORT AND STORAGE,210,TRANSPORT AND STORAGE,21040,FALSE,Water transport,"Harbours and docks, harbour guidance systems, ships and boats; river and other inland water transport, inland barges and vessels."
150,21,TRANSPORT AND STORAGE,210,TRANSPORT AND STORAGE,21050,FALSE,Air transport,"Airports, airport guidance systems, aeroplanes, aeroplane maintenance equipment."
151,21,TRANSPORT AND STORAGE,210,TRANSPORT AND STORAGE,21061,FALSE,Storage,"Whether or not related to transportation. Whenever possible, report storage projects under the sector of the resource being stored."
152,21,TRANSPORT AND STORAGE,210,TRANSPORT AND STORAGE,21081,FALSE,Education and training in transport and storage,
155,22,COMMUNICATIONS,220,COMMUNICATIONS,22000,FALSE,COMMUNICATIONS,
156,22,COMMUNICATIONS,220,COMMUNICATIONS,22010,FALSE,Communications policy and administrative management,"Communications sector policy, planning and programmes; institution capacity building and advice; including postal services development; unspecified communications activities."
157,22,COMMUNICATIONS,220,COMMUNICATIONS,22011,TRUE,"Communications policy, planning and administration",
158,22,COMMUNICATIONS,220,COMMUNICATIONS,22012,TRUE,Postal services,Development and operation of postal services.
159,22,COMMUNICATIONS,220,COMMUNICATIONS,22013,TRUE,Information services,Provision of information services.
160,22,COMMUNICATIONS,220,COMMUNICATIONS,22020,FALSE,Telecommunications,"Telephone networks, telecommunication satellites, earth stations."
161,22,COMMUNICATIONS,220,COMMUNICATIONS,22030,FALSE,Radio/television/print media,"Radio and TV links, equipment; newspapers; printing and publishing."
162,22,COMMUNICATIONS,220,COMMUNICATIONS,22040,FALSE,Information and communication technology (ICT),Computer hardware and software; internet access; IT training. When sector cannot be specified.
165,23,"ENERGY GENERATION, DISTRIBUTION AND EFFICIENCY",230,"ENERGY GENERATION, DISTRIBUTION AND EFFICIENCY",23000,FALSE,"ENERGY GENERATION, DISTRIBUTION AND EFFICIENCY","Categories 231 through 235 include both electric power plants and combined heat and power (CHP) plants. Heat-only plants, whatever the type of fuel, are reportable under category 236. Activities relating to fuelwood/charcoal production, energy manufacturing and natural resources extraction (including oil and gas pipelines) are reportable under categories 312, 321 et 322 respectively."
166,23,"ENERGY GENERATION, DISTRIBUTION AND EFFICIENCY",231,"Energy generation, distribution and efficiency – general",23100,FALSE,"Energy generation, distribution and efficiency – general",
167,23,"ENERGY GENERATION, DISTRIBUTION AND EFFICIENCY",231,"Energy generation, distribution and efficiency – general",23110,FALSE,Energy policy and administrative management,"Energy sector policy, planning; aid to energy ministries; institution capacity building and advice; unspecified energy activities."
168,23,"ENERGY GENERATION, DISTRIBUTION AND EFFICIENCY",231,"Energy generation, distribution and efficiency – general",23111,TRUE,"Energy sector policy, planning and administration",
169,23,"ENERGY GENERATION, DISTRIBUTION AND EFFICIENCY",231,"Energy generation, distribution and efficiency – general",23112,TRUE,Energy regulation,"Regulation of the energy sector, including wholesale and retail electricity provision."
170,23,"ENERGY GENERATION, DISTRIBUTION AND EFFICIENCY",231,"Energy generation, distribution and efficiency – general",23181,FALSE,Energy education/training,All levels of training not included elsewhere.
171,23,"ENERGY GENERATION, DISTRIBUTION AND EFFICIENCY",231,"Energy generation, distribution and efficiency – general",23182,FALSE,Energy research,"Including general inventories, surveys."
172,23,"ENERGY GENERATION, DISTRIBUTION AND EFFICIENCY",231,"Energy generation, distribution and efficiency – general",23183,FALSE,Energy conservation and demand-side efficiency,"All projects in support of energy demand reduction, e.g. building and industry upgrades, smart grids, metering and tariffs. Also includes efficient cook-stoves and biogas projects."
173,23,"ENERGY GENERATION, DISTRIBUTION AND EFFICIENCY",232,"Energy generation, renewable sources",23200,FALSE,"Energy generation, renewable sources",
174,23,"ENERGY GENERATION, DISTRIBUTION AND EFFICIENCY",232,"Energy generation, renewable sources",23210,FALSE,"Energy generation, renewable sources – multiple technologies",Renewable energy generation programmes that cannot be attributed to one single technology (codes 23220 through 23280 below). Fuelwood/charcoal production should be included under forestry 31261.
175,23,"ENERGY GENERATION, DISTRIBUTION AND EFFICIENCY",232,"Energy generation, renewable sources",23220,FALSE,Hydro-electric power plants,Including energy generating river barges.
176,23,"ENERGY GENERATION, DISTRIBUTION AND EFFICIENCY",232,"Energy generation, renewable sources",23230,FALSE,Solar energy,"Including photo-voltaic cells, solar thermal applications and solar heating."
177,23,"ENERGY GENERATION, DISTRIBUTION AND EFFICIENCY",232,"Energy generation, renewable sources",23240,FALSE,Wind energy,Wind energy for water lifting and electric power generation.
178,23,"ENERGY GENERATION, DISTRIBUTION AND EFFICIENCY",232,"Energy generation, renewable sources",23250,FALSE,Marine energy,"Including ocean thermal energy conversion, tidal and wave power."
179,23,"ENERGY GENERATION, DISTRIBUTION AND EFFICIENCY",232,"Energy generation, renewable sources",23260,FALSE,Geothermal energy,"Use of geothermal energy for generating electric power or directly as heat for agriculture, etc."
180,23,"ENERGY GENERATION, DISTRIBUTION AND EFFICIENCY",232,"Energy generation, renewable sources",23270,FALSE,Biofuel-fired power plants,"Use of solids and liquids produced from biomass for direct power generation. Also includes biogases from anaerobic fermentation (e.g. landfill gas, sewage sludge gas, fermentation of energy crops and manure) and thermal processes (also known as syngas); waste-fired power plants making use of biodegradable municipal waste (household waste and waste from companies and public services that resembles household waste, collected at installations specifically designed for their disposal with recovery of combustible liquids, gases or heat). See code 23360 for non- renewable waste-fired power plants."
183,23,"ENERGY GENERATION, DISTRIBUTION AND EFFICIENCY",233,"Energy generation, non-renewable sources",23300,FALSE,"Energy generation, non-renewable sources",
184,23,"ENERGY GENERATION, DISTRIBUTION AND EFFICIENCY",233,"Energy generation, non-renewable sources",23310,FALSE,"Energy generation, non-renewable sources – unspecified",Thermal power plants including when energy source cannot be determined; combined gas-coal power plants.
185,23,"ENERGY GENERATION, DISTRIBUTION AND EFFICIENCY",233,"Energy generation, non-renewable sources",23320,FALSE,Coal-fired electric power plants,Thermal electric power plants that use coal as the energy source.
186,23,"ENERGY GENERATION, DISTRIBUTION AND EFFICIENCY",233,"Energy generation, non-renewable sources",23330,FALSE,Oil-fired electric power plants,Thermal electric power plants that use fuel oil or diesel fuel as the energy source.
187,23,"ENERGY GENERATION, DISTRIBUTION AND EFFICIENCY",233,"Energy generation, non-renewable sources",23340,FALSE,Natural gas-fired electric power plants,Electric power plants that are fuelled by natural gas.
188,23,"ENERGY GENERATION, DISTRIBUTION AND EFFICIENCY",233,"Energy generation, non-renewable sources",23350,FALSE,Fossil fuel electric power plants with carbon capture and storage (CCS),Fossil fuel electric power plants employing technologies to capture carbon dioxide emissions. CCS not related to power plants should be included under 41020. CCS activities are not reportable as ODA.
189,23,"ENERGY GENERATION, DISTRIBUTION AND EFFICIENCY",233,"Energy generation, non-renewable sources",23360,FALSE,Non-renewable waste-fired electric power plants,Electric power plants that use non-biodegradable industrial and municipal waste as the energy source.
190,23,"ENERGY GENERATION, DISTRIBUTION AND EFFICIENCY",234,Hybrid energy electric power plants,23400,FALSE,Hybrid energy electric power plants,
191,23,"ENERGY GENERATION, DISTRIBUTION AND EFFICIENCY",234,Hybrid energy electric power plants,23410,FALSE,Hybrid energy electric power plants,Electric power plants that make use of both non-renewable and renewable energy sources.
192,23,"ENERGY GENERATION, DISTRIBUTION AND EFFICIENCY",235,Nuclear energy electric power plants,23500,FALSE,Nuclear energy electric power plants,
193,23,"ENERGY GENERATION, DISTRIBUTION AND EFFICIENCY",235,Nuclear energy electric power plants,23510,FALSE,Nuclear energy electric power plants,Including nuclear safety.
194,23,"ENERGY GENERATION, DISTRIBUTION AND EFFICIENCY",236,"Heating, cooling and energy distribution",23600,FALSE,"Heating, cooling and energy distribution",
195,23,"ENERGY GENERATION, DISTRIBUTION AND EFFICIENCY",236,"Heating, cooling and energy distribution",23610,FALSE,Heat plants,Power plants which are designed to produce heat only.
196,23,"ENERGY GENERATION, DISTRIBUTION AND EFFICIENCY",236,"Heating, cooling and energy distribution",23620,FALSE,District heating and cooling,"Distribution of heat generated in a centralised location, or delivery of chilled water, for residential and commercial heating or cooling purposes."
197,23,"ENERGY GENERATION, DISTRIBUTION AND EFFICIENCY",236,"Heating, cooling and energy distribution",23630,FALSE,Electric power transmission and distribution,"Grid distribution from power source to end user; transmission lines. Also includes storage of energy to generate power (e.g. pumped hydro, batteries) and the extension of grid access, often to rural areas."
198,23,"ENERGY GENERATION, DISTRIBUTION AND EFFICIENCY",236,"Heating, cooling and energy distribution",23640,FALSE,Gas distribution,Delivery for use by ultimate consumer.
201,24,BANKING AND FINANCIAL SERVICES,240,BANKING AND FINANCIAL SERVICES,24000,FALSE,BANKING AND FINANCIAL SERVICES,
202,24,BANKING AND FINANCIAL SERVICES,240,BANKING AND FINANCIAL SERVICES,24010,FALSE,Financial policy and administrative management,"Finance sector policy, planning and programmes; institution capacity building and advice; financial markets and systems."
203,24,BANKING AND FINANCIAL SERVICES,240,BANKING AND FINANCIAL SERVICES,24020,FALSE,Monetary institutions,Central banks.
204,24,BANKING AND FINANCIAL SERVICES,240,BANKING AND FINANCIAL SERVICES,24030,FALSE,Formal sector financial intermediaries,"All formal sector financial intermediaries; credit lines; insurance, leasing, venture capital, etc. (except when focused on only one sector)."
205,24,BANKING AND FINANCIAL SERVICES,240,BANKING AND FINANCIAL SERVICES,24040,FALSE,Informal/semi-formal financial intermediaries,"Micro credit, savings and credit co-operatives etc."
206,24,BANKING AND FINANCIAL SERVICES,240,BANKING AND FINANCIAL SERVICES,24081,FALSE,Education/training in banking and financial services,
207,25,BUSINESS AND OTHER SERVICES,250,BUSINESS AND OTHER SERVICES,25000,FALSE,BUSINESS AND OTHER SERVICES,
208,25,BUSINESS AND OTHER SERVICES,250,BUSINESS AND OTHER SERVICES,25010,FALSE,Business support services and institutions,"Support to trade and business associations, chambers of commerce; legal and regulatory reform aimed at improving business and investment climate; private sector institution capacity building and advice; trade information; public-private sector networking including trade fairs; e-commerce. Where sector cannot be specified: general support to private sector enterprises (in particular, use code 32130 for enterprises in the industrial sector)."
209,25,BUSINESS AND OTHER SERVICES,250,BUSINESS AND OTHER SERVICES,25020,FALSE,Privatisation,"When sector cannot be specified. Including general state enterprise restructuring or demonopolisation programmes; planning, programming, advice."
212,31,"AGRICULTURE, FORESTRY, & FISHING",311,AGRICULTURE,31100,FALSE,AGRICULTURE,
213,31,"AGRICULTURE, FORESTRY, & FISHING",311,AGRICULTURE,31110,FALSE,Agricultural policy and administrative management,"Agricultural sector policy, planning and programmes; aid to agricultural ministries; institution capacity building and advice; unspecified agriculture."
214,31,"AGRICULTURE, FORESTRY, & FISHING",311,AGRICULTURE,31120,FALSE,Agricultural development,Integrated projects; farm development.
215,31,"AGRICULTURE, FORESTRY, & FISHING",311,AGRICULTURE,31130,FALSE,Agricultural land resources,"Including soil degradation control; soil improvement; drainage of water logged areas; soil desalination; agricultural land surveys; land reclamation; erosion control, desertification control."
216,31,"AGRICULTURE, FORESTRY, & FISHING",311,AGRICULTURE,31140,FALSE,Agricultural water resources,"Irrigation, reservoirs, hydraulic structures, ground water exploitation for agricultural use."
217,31,"AGRICULTURE, FORESTRY, & FISHING",311,AGRICULTURE,31150,FALSE,Agricultural inputs,"Supply of seeds, fertilizers, agricultural machinery/equipment."
218,31,"AGRICULTURE, FORESTRY, & FISHING",311,AGRICULTURE,31161,FALSE,Food crop production,"Including grains (wheat, rice, barley, maize, rye, oats, millet, sorghum); horticulture; vegetables; fruit and berries; other annual and perennial crops. [Use code 32161 for agro-industries.]"
219,31,"AGRICULTURE, FORESTRY, & FISHING",311,AGRICULTURE,31162,FALSE,Industrial crops/export crops,"Including sugar; coffee, cocoa, tea; oil seeds, nuts, kernels; fibre crops; tobacco; rubber. [Use code 32161 for agro-industries.]"
220,31,"AGRICULTURE, FORESTRY, & FISHING",311,AGRICULTURE,31163,FALSE,Livestock,Animal husbandry; animal feed aid.
221,31,"AGRICULTURE, FORESTRY, & FISHING",311,AGRICULTURE,31164,FALSE,Agrarian reform,Including agricultural sector adjustment.
222,31,"AGRICULTURE, FORESTRY, & FISHING",311,AGRICULTURE,31165,FALSE,Agricultural alternative development,Projects to reduce illicit drug cultivation through other agricultural marketing and production opportunities (see code 43050 for non-agricultural alternative development).
223,31,"AGRICULTURE, FORESTRY, & FISHING",311,AGRICULTURE,31166,FALSE,Agricultural extension,Non-formal training in agriculture.
224,31,"AGRICULTURE, FORESTRY, & FISHING",311,AGRICULTURE,31181,FALSE,Agricultural education/training,
225,31,"AGRICULTURE, FORESTRY, & FISHING",311,AGRICULTURE,31182,FALSE,Agricultural research,"Plant breeding, physiology, genetic resources, ecology, taxonomy, disease control, agricultural bio-technology; including livestock research (animal health, breeding and genetics, nutrition, physiology)."
226,31,"AGRICULTURE, FORESTRY, & FISHING",311,AGRICULTURE,31191,FALSE,Agricultural services,"Marketing policies & organisation; storage and transportation, creation of strategic reserves."
227,31,"AGRICULTURE, FORESTRY, & FISHING",311,AGRICULTURE,31192,FALSE,Plant and post-harvest protection and pest control,"Including integrated plant protection, biological plant protection activities, supply and management of agrochemicals, supply of pesticides, plant protection policy and legislation."
228,31,"AGRICULTURE, FORESTRY, & FISHING",311,AGRICULTURE,31193,FALSE,Agricultural financial services,Financial intermediaries for the agricultural sector including credit schemes; crop insurance.
229,31,"AGRICULTURE, FORESTRY, & FISHING",311,AGRICULTURE,31194,FALSE,Agricultural co-operatives,Including farmers’ organisations.
230,31,"AGRICULTURE, FORESTRY, & FISHING",311,AGRICULTURE,31195,FALSE,Livestock/veterinary services,"Animal health and management, genetic resources, feed resources."
233,31,"AGRICULTURE, FORESTRY, & FISHING",312,FORESTRY,31200,FALSE,FORESTRY,
234,31,"AGRICULTURE, FORESTRY, & FISHING",312,FORESTRY,31210,FALSE,Forestry policy and administrative management,"Forestry sector policy, planning and programmes; institution capacity building and advice; forest surveys; unspecified forestry and agro-forestry activities."
235,31,"AGRICULTURE, FORESTRY, & FISHING",312,FORESTRY,31220,FALSE,Forestry development,"Afforestation for industrial and rural consumption; exploitation and utilisation; erosion control, desertification control; integrated forestry projects."
236,31,"AGRICULTURE, FORESTRY, & FISHING",312,FORESTRY,31261,FALSE,Fuelwood/charcoal,Forestry development whose primary purpose is production of fuelwood and charcoal.
237,31,"AGRICULTURE, FORESTRY, & FISHING",312,FORESTRY,31281,FALSE,Forestry education/training,
238,31,"AGRICULTURE, FORESTRY, & FISHING",312,FORESTRY,31282,FALSE,Forestry research,"Including artificial regeneration, genetic improvement, production methods, fertilizer, harvesting."
239,31,"AGRICULTURE, FORESTRY, & FISHING",312,FORESTRY,31291,FALSE,Forestry services,
242,31,"AGRICULTURE, FORESTRY, & FISHING",313,FISHING,31300,FALSE,FISHING,
243,31,"AGRICULTURE, FORESTRY, & FISHING",313,FISHING,31310,FALSE,Fishing policy and administrative management,"Fishing sector policy, planning and programmes; institution capacity building and advice; ocean and coastal fishing; marine and freshwater fish surveys and prospecting; fishing boats/equipment; unspecified fishing activities."
244,31,"AGRICULTURE, FORESTRY, & FISHING",313,FISHING,31320,FALSE,Fishery development,Exploitation and utilisation of fisheries; fish stock protection; aquaculture; integrated fishery projects.
245,31,"AGRICULTURE, FORESTRY, & FISHING",313,FISHING,31381,FALSE,Fishery education/training,
246,31,"AGRICULTURE, FORESTRY, & FISHING",313,FISHING,31382,FALSE,Fishery research,Pilot fish culture; marine/freshwater biological research.
247,31,"AGRICULTURE, FORESTRY, & FISHING",313,FISHING,31391,FALSE,Fishery services,Fishing harbours; fish markets; fishery transport and cold storage.
250,32,"INDUSTRY, MINING, & CONSTRUCTION",321,INDUSTRY,32100,FALSE,INDUSTRY,
251,32,"INDUSTRY, MINING, & CONSTRUCTION",321,INDUSTRY,32110,FALSE,Industrial policy and administrative management,"Industrial sector policy, planning and programmes; institution capacity building and advice; unspecified industrial activities; manufacturing of goods not specified below."
252,32,"INDUSTRY, MINING, & CONSTRUCTION",321,INDUSTRY,32120,FALSE,Industrial development,
253,32,"INDUSTRY, MINING, & CONSTRUCTION",321,INDUSTRY,32130,FALSE,Small and medium-sized enterprises (SME) development,"Direct support to the development of small and medium-sized enterprises in the industrial sector, including accounting, auditing and advisory services."
254,32,"INDUSTRY, MINING, & CONSTRUCTION",321,INDUSTRY,32140,FALSE,Cottage industries and handicraft,
255,32,"INDUSTRY, MINING, & CONSTRUCTION",321,INDUSTRY,32161,FALSE,Agro-industries,"Staple food processing, dairy products, slaughter houses and equipment, meat and fish processing and preserving, oils/fats, sugar refineries, beverages/tobacco, animal feeds production."
256,32,"INDUSTRY, MINING, & CONSTRUCTION",321,INDUSTRY,32162,FALSE,Forest industries,"Wood production, pulp/paper production."
257,32,"INDUSTRY, MINING, & CONSTRUCTION",321,INDUSTRY,32163,FALSE,"Textiles, leather and substitutes",Including knitting factories.
258,32,"INDUSTRY, MINING, & CONSTRUCTION",321,INDUSTRY,32164,FALSE,Chemicals,Industrial and non-industrial production facilities; includes pesticides production.
259,32,"INDUSTRY, MINING, & CONSTRUCTION",321,INDUSTRY,32165,FALSE,Fertilizer plants,
260,32,"INDUSTRY, MINING, & CONSTRUCTION",321,INDUSTRY,32166,FALSE,Cement/lime/plaster,
261,32,"INDUSTRY, MINING, & CONSTRUCTION",321,INDUSTRY,32167,FALSE,Energy manufacturing,Including gas liquefaction; petroleum refineries.
262,32,"INDUSTRY, MINING, & CONSTRUCTION",321,INDUSTRY,32168,FALSE,Pharmaceutical production,"Medical equipment/supplies; drugs, medicines, vaccines; hygienic products."
263,32,"INDUSTRY, MINING, & CONSTRUCTION",321,INDUSTRY,32169,FALSE,Basic metal industries,"Iron and steel, structural metal production."
264,32,"INDUSTRY, MINING, & CONSTRUCTION",321,INDUSTRY,32170,FALSE,Non-ferrous metal industries,
265,32,"INDUSTRY, MINING, & CONSTRUCTION",321,INDUSTRY,32171,FALSE,Engineering,"Manufacturing of electrical and non-electrical machinery, engines/turbines."
266,32,"INDUSTRY, MINING, & CONSTRUCTION",321,INDUSTRY,32172,FALSE,Transport equipment industry,"Shipbuilding, fishing boats building; railroad equipment; motor vehicles and motor passenger cars; aircraft; navigation/guidance systems."
267,32,"INDUSTRY, MINING, & CONSTRUCTION",321,INDUSTRY,32182,FALSE,Technological research and development,Including industrial standards; quality management; metrology; testing; accreditation; certification.
270,32,"INDUSTRY, MINING, & CONSTRUCTION",322,MINERAL RESOURCES AND MINING,32200,FALSE,MINERAL RESOURCES AND MINING,
271,32,"INDUSTRY, MINING, & CONSTRUCTION",322,MINERAL RESOURCES AND MINING,32210,FALSE,Mineral/mining policy and administrative management,"Mineral and mining sector policy, planning and programmes; mining legislation, mining cadastre, mineral resources inventory, information systems, institution capacity building and advice; unspecified mineral resources exploitation."
272,32,"INDUSTRY, MINING, & CONSTRUCTION",322,MINERAL RESOURCES AND MINING,32220,FALSE,Mineral prospection and exploration,"Geology, geophysics, geochemistry; excluding hydrogeology (14010) and environmental geology (41010), mineral extraction and processing, infrastructure, technology, economics, safety and environment management."
273,32,"INDUSTRY, MINING, & CONSTRUCTION",322,MINERAL RESOURCES AND MINING,32261,FALSE,Coal,Including lignite and peat.
274,32,"INDUSTRY, MINING, & CONSTRUCTION",322,MINERAL RESOURCES AND MINING,32262,FALSE,Oil and gas,"Petroleum, natural gas, condensates, liquefied petroleum gas (LPG), liquefied natural gas (LNG); including drilling and production, and oil and gas pipelines."
275,32,"INDUSTRY, MINING, & CONSTRUCTION",322,MINERAL RESOURCES AND MINING,32263,FALSE,Ferrous metals,Iron and ferro-alloy metals.
276,32,"INDUSTRY, MINING, & CONSTRUCTION",322,MINERAL RESOURCES AND MINING,32264,FALSE,Nonferrous metals,"Aluminium, copper, lead, nickel, tin, zinc."
277,32,"INDUSTRY, MINING, & CONSTRUCTION",322,MINERAL RESOURCES AND MINING,32265,FALSE,Precious metals/materials,"Gold, silver, platinum, diamonds, gemstones."
278,32,"INDUSTRY, MINING, & CONSTRUCTION",322,MINERAL RESOURCES AND MINING,32266,FALSE,Industrial minerals,"Baryte, limestone, feldspar, kaolin, sand, gypsym, gravel, ornamental stones."
279,32,"INDUSTRY, MINING, & CONSTRUCTION",322,MINERAL RESOURCES AND MINING,32267,FALSE,Fertilizer minerals,"Phosphates, potash."
280,32,"INDUSTRY, MINING, & CONSTRUCTION",322,MINERAL RESOURCES AND MINING,32268,FALSE,Offshore minerals,"Polymetallic nodules, phosphorites, marine placer deposits."
283,32,"INDUSTRY, MINING, & CONSTRUCTION",323,CONSTRUCTION,32300,FALSE,CONSTRUCTION,
284,32,"INDUSTRY, MINING, & CONSTRUCTION",323,CONSTRUCTION,32310,FALSE,Construction policy and administrative management,"Construction sector policy and planning; excluding construction activities within specific sectors (e.g., hospital or school construction)."
287,33,TRADE & TOURISM,331,TRADE POLICY AND REGULATIONS AND TRADE- RELATED ADJUSTMENT,33100,FALSE,TRADE POLICY AND REGULATIONS AND TRADE- RELATED ADJUSTMENT,
288,33,TRADE & TOURISM,331,TRADE POLICY AND REGULATIONS AND TRADE- RELATED ADJUSTMENT,33110,FALSE,Trade policy and administrative Management,Trade policy and planning; support to ministries and departments responsible for trade policy; trade-related legislation and regulatory reforms; policy analysis and implementation of multilateral trade agreements e.g. technical barriers to trade and sanitary and phytosanitary measures (TBT/SPS) except at regional level (see 33130); mainstreaming trade in national development strategies (e.g. poverty reduction strategy papers); wholesale/retail trade; unspecified trade and trade promotion activities.
289,33,TRADE & TOURISM,331,TRADE POLICY AND REGULATIONS AND TRADE- RELATED ADJUSTMENT,33120,FALSE,Trade facilitation,"Simplification and harmonisation of international import and export procedures (e.g. customs valuation, licensing procedures, transport formalities, payments, insurance); support to customs departments  and other border agencies, including in particular implementation of the provisions of the WTO Trade Facilitation Agreement; tariff reforms."
290,33,TRADE & TOURISM,331,TRADE POLICY AND REGULATIONS AND TRADE- RELATED ADJUSTMENT,33130,FALSE,Regional trade agreements (RTAs),"Support to regional trade arrangements [e.g. Southern African Development Community (SADC), Association of Southeast Asian Nations (ASEAN), Free Trade Area of the Americas (FTAA), African Caribbean Pacific/European Union (ACP/EU)], including work on technical barriers to trade and sanitary and phytosanitary measures (TBT/SPS) at regional level; elaboration of rules of origin and introduction of special and differential treatment in RTAs."
291,33,TRADE & TOURISM,331,TRADE POLICY AND REGULATIONS AND TRADE- RELATED ADJUSTMENT,33140,FALSE,Multilateral trade negotiations,"Support developing countries’ effective participation in multilateral trade negotiations, including training of negotiators, assessing impacts of negotiations; accession to the World Trade Organisation (WTO) and other multilateral trade-related organisations."
292,33,TRADE & TOURISM,331,TRADE POLICY AND REGULATIONS AND TRADE- RELATED ADJUSTMENT,33150,FALSE,Trade-related adjustment,Contributions to the government budget to assist the implementation of recipients’ own trade reforms and adjustments to trade policy measures by other countries; assistance to manage shortfalls in the balance of payments due to changes in the world trading environment.
293,33,TRADE & TOURISM,331,TRADE POLICY AND REGULATIONS AND TRADE- RELATED ADJUSTMENT,33181,FALSE,Trade education/training,Human resources development in trade not included under any of the above codes. Includes university programmes in trade.
296,33,TRADE & TOURISM,332,TOURISM,33200,FALSE,TOURISM,
297,33,TRADE & TOURISM,332,TOURISM,33210,FALSE,Tourism policy and administrative management,
300,41,General environmental protection,410,General environmental protection,41000,FALSE,General environmental protection,"Covers activities concerned with conservation, protection or amelioration of the physical environment without sector allocation."
301,41,General environmental protection,410,General environmental protection,41010,FALSE,Environmental policy and administrative management,"Environmental policy, laws, regulations and economic instruments; administrational institutions and practices; environmental and land use planning and decision-making procedures; seminars, meetings; miscellaneous conservation and protection measures not specified below."
302,41,General environmental protection,410,General environmental protection,41020,FALSE,Biosphere protection,"Air pollution control, ozone layer preservation; marine pollution control."
303,41,General environmental protection,410,General environmental protection,41030,FALSE,Bio-diversity,Including natural reserves and actions in the surrounding areas; other measures to protect endangered or vulnerable species and their habitats (e.g. wetlands preservation).
304,41,General environmental protection,410,General environmental protection,41040,FALSE,Site preservation,"Applies to unique cultural landscape; including sites/objects of historical, archeological, aesthetic, scientific or educational value."
305,41,General environmental protection,410,General environmental protection,41050,FALSE,Flood prevention/control,Floods from rivers or the sea; including sea water intrusion control and sea level rise related activities.
306,41,General environmental protection,410,General environmental protection,41081,FALSE,Environmental education/ training,
307,41,General environmental protection,410,General environmental protection,41082,FALSE,Environmental research,"Including establishment of databases, inventories/accounts of physical and natural resources; environmental profiles and impact studies if not sector specific."
308,43,Other multisector,430,Other multisector,43000,FALSE,Other multisector,
309,43,Other multisector,430,Other multisector,43010,FALSE,Multisector aid,
310,43,Other multisector,430,Other multisector,43030,FALSE,Urban development and management,Integrated urban development projects; local development and urban management; urban infrastructure and services; municipal finances; urban environmental management; urban development and planning; urban renewal and urban housing; land information systems.
311,43,Other multisector,430,Other multisector,43031,TRUE,Urban land policy and management,"Urban development and planning; urban management, land information systems."
312,43,Other multisector,430,Other multisector,43032,TRUE,Urban development,Integrated urban development projects; local development; urban infrastructure and services; municipal finances; urban environment systems; urban renewal and urban housing.
313,43,Other multisector,430,Other multisector,43040,FALSE,Rural development,"Integrated rural development projects; e.g. regional development planning; promotion of decentralised and multi-sectoral competence for planning, co-ordination and management; implementation of regional development and measures (including natural reserve management); land management; land use planning; land settlement and resettlement activities [excluding resettlement of refugees and internally displaced persons (72010)]; functional integration of rural and urban areas; geographical information systems."
314,43,Other multisector,430,Other multisector,43041,TRUE,Rural land policy and management,"Regional development planning; promotion of decentralised and multi-sectoral competence for planning, co-ordination and management; land management; land use planning; geographical information systems."
315,43,Other multisector,430,Other multisector,43042,TRUE,Rural development,Integrated rural development projects; implementation of regional development and measures (including natural reserve management); land settlement and resettlement activities [excluding resettlement of refugees and internally displaced persons (72010)]; functional integration of rural and urban areas.
316,43,Other multisector,430,Other multisector,43050,FALSE,Non-agricultural alternative development,"Projects to reduce illicit drug cultivation through, for example, non-agricultural income opportunities, social and physical infrastructure (see code 31165 for agricultural alternative development)."
317,43,Other multisector,430,Other multisector,43081,FALSE,Multisector education/training,Including scholarships.
318,43,Other multisector,430,Other multisector,43082,FALSE,Research/scientific institutions,When sector cannot be identified.
321,51,General budget support,510,General budget support,51000,FALSE,General budget support,Budget support in the form of sector-wide approaches (SWAps) should be included in the respective sectors.
322,510,General budget support,510,General budget support,51010,FALSE,General budget support-related aid,"Unearmarked contributions to the government budget; support for the implementation of macroeconomic reforms (structural adjustment programmes, poverty reduction strategies); general programme assistance (when not allocable by sector)."
323,52,Developmental food aid/Food security assistance,520,Developmental food aid/Food security assistance,52000,FALSE,Developmental food aid/Food security assistance,
324,520,Developmental food aid/Food security assistance,520,Developmental food aid/Food security assistance,52010,FALSE,Food aid/Food security programmes,"Supply of edible human food under national or international programmes including transport costs; cash payments made for food supplies; project food aid and food aid for market sales when benefiting sector not specified; excluding emergency food aid.
Report as multilateral: i) food aid by the EU financed out of its budget and allocated pro rata to EU member countries; and ii) core contributions to the World Food Programme."
325,53,Other commodity assistance,530,Other commodity assistance,53000,FALSE,Other commodity assistance,Non-food commodity assistance (when benefiting sector not specified).
326,530,Other commodity assistance,530,Other commodity assistance,53030,FALSE,Import support (capital goods),Capital goods and services; lines of credit.
327,530,Other commodity assistance,530,Other commodity assistance,53040,FALSE,Import support (commodities),"Commodities, general goods and services, oil imports."
330,60,Debt relief,600,Debt relief,60000,FALSE,Debt relief,
331,600,Debt relief,600,Debt relief,60010,FALSE,Action relating to debt,Actions falling outside the code headings below.
332,600,Debt relief,600,Debt relief,60020,FALSE,Debt forgiveness,
333,600,Debt relief,600,Debt relief,60030,FALSE,Relief of multilateral debt,Grants or credits to cover debt owed to multilateral financial institutions; including contributions to Heavily Indebted Poor Countries (HIPC) Trust Fund.
334,600,Debt relief,600,Debt relief,60040,FALSE,Rescheduling and refinancing,
335,600,Debt relief,600,Debt relief,60061,FALSE,Debt for development swap,"Allocation of debt claims to use for development (e.g., debt for education, debt for environment)."
336,600,Debt relief,600,Debt relief,60062,FALSE,Other debt swap,Where the debt swap benefits an external agent i.e. is not specifically for development purposes.
337,600,Debt relief,600,Debt relief,60063,FALSE,Debt buy-back,Purchase of debt for the purpose of cancellation.
340,72,Emergency Response,720,Emergency Response,72000,FALSE,Emergency Response,An emergency is a situation which results from man made crises and/or natural disasters.
341,720,Emergency Response,720,Emergency Response,72010,FALSE,Material relief assistance and services,"Shelter, water, sanitation and health services, supply of medicines and other non-food relief items for the benefit of affected people and to facilitate the return to normal lives and livelihoods; assistance to refugees and internally displaced people in developing countries other than for food (72040) or protection (72050)."
342,720,Emergency Response,720,Emergency Response,72040,FALSE,Emergency food aid,Food aid normally for general free distribution or special supplementary feeding programmes; short-term relief to targeted population groups affected by emergency situations. Excludes non-emergency food security assistance programmes/food aid (52010).
343,720,Emergency Response,720,Emergency Response,72050,FALSE,Relief co-ordination; protection and support services,"Measures to co-ordinate delivery of humanitarian aid, including logistics and communications systems; measures to promote and protect the safety, well- being, dignity and integrity of civilians and those no longer taking part in hostilities. (Activities designed to protect the security of persons or property through the use or display of force are not reportable as ODA.)"
344,73,Reconstruction relief and rehabilitation,730,Reconstruction relief and rehabilitation,73000,FALSE,Reconstruction relief and rehabilitation,This relates to activities during and in the aftermath of an emergency situation. Longer-term activities to improve the level of infrastructure or social services should be reported under the relevant economic and social sector codes. See also guideline on distinguishing humanitarian from sector- allocable aid.
345,730,Reconstruction relief and rehabilitation,730,Reconstruction relief and rehabilitation,73010,FALSE,Reconstruction relief and rehabilitation,"Short-term reconstruction work after emergency or conflict limited to restoring pre-existing infrastructure (e.g. repair or construction of roads, bridges and ports, restoration of essential facilities, such as water and sanitation, shelter, health care services); social and economic rehabilitation in the aftermath of emergencies to facilitate transition and enable populations to return to their previous livelihood or develop a new livelihood in the wake of an emergency situation (e.g. trauma counselling and treatment, employment programmes)."
346,74,Disaster prevention and preparedness,740,Disaster prevention and preparedness,74000,FALSE,Disaster prevention and preparedness,See codes 41050 and 15220 for prevention of floods and conflicts.
347,740,Disaster prevention and preparedness,740,Disaster prevention and preparedness,74010,FALSE,Disaster prevention and preparedness,"Disaster risk reduction activities (e.g. developing knowledge, natural risks cartography, legal norms for construction); early warning systems; emergency contingency stocks and contingency planning including preparations for forced displacement."
350,91,ADMINISTRATIVE COSTS OF DONORS,910,ADMINISTRATIVE COSTS OF DONORS,91000,FALSE,ADMINISTRATIVE COSTS OF DONORS,
351,910,ADMINISTRATIVE COSTS OF DONORS,910,ADMINISTRATIVE COSTS OF DONORS,91010,FALSE,Administrative costs (non-sector allocable),
354,93,REFUGEES IN DONOR COUNTRIES,930,REFUGEES IN DONOR COUNTRIES,93000,FALSE,REFUGEES IN DONOR COUNTRIES,
355,930,REFUGEES IN DONOR COUNTRIES,930,REFUGEES IN DONOR COUNTRIES,93010,FALSE,Refugees in donor countries (non-sector allocable),
358,99,UNALLOCATED/  UNSPECIFIED,998,UNALLOCATED/  UNSPECIFIED,99800,FALSE,UNALLOCATED/  UNSPECIFIED,
359,998,UNALLOCATED/  UNSPECIFIED,998,UNALLOCATED/  UNSPECIFIED,99810,FALSE,Sectors not specified,Contributions to general development of the recipient should be included under programme assistance (51010).
360,998,UNALLOCATED/  UNSPECIFIED,998,UNALLOCATED/  UNSPECIFIED,99820,FALSE,Promotion of development awareness (non-sector allocable),"Spending in donor country for heightened awareness/interest in development co-operation (brochures, lectures, special research projects, etc.)."
